files_changed,lines_added,lines_deleted,commit_count,author_reputation,time_of_day,day_of_week,has_test_changes,num_issues,num_severity,lang_ratio,historical_vuln_rate,high_risk
7,39,4,2,0.826,21,2,0,2,0,0.627,0.25,0
3,17,15,5,0.792,13,0,0,1,0,0.542,0.0339,0
8,39,5,2,0.745,13,5,0,0,1,0.327,0.1398,0
20,74,8,8,0.976,1,2,0,2,0,0.277,0.1288,0
3,35,149,3,0.944,21,5,1,0,1,0.376,0.0523,0
3,35,90,2,0.629,12,2,0,2,0,0.277,0.1208,0
21,11,1,3,0.851,2,2,0,1,2,0.551,0.1468,1
9,12,42,2,0.469,17,2,0,1,4,0.462,0.0557,1
2,4,41,6,0.918,21,4,0,1,0,0.2,0.16,0
7,456,2,3,0.9,3,3,1,1,2,0.578,0.2582,1
2,5,41,2,0.639,20,0,0,1,1,0.263,0.4983,1
2,11,122,6,0.842,20,6,1,2,0,0.614,0.2866,0
5,11,2,4,0.717,18,4,0,2,4,0.321,0.0375,1
1,126,3,3,0.473,15,3,1,2,2,0.146,0.1493,1
1,21,56,3,0.818,3,5,0,0,0,0.618,0.1043,0
2,215,18,6,0.701,18,3,0,4,0,0.19,0.0714,0
1,12,27,4,0.912,22,3,1,3,1,0.402,0.0393,0
6,50,20,2,0.956,14,4,1,2,1,0.493,0.0091,0
1,9,21,1,0.827,0,0,0,2,0,0.326,0.1418,0
1,826,1,3,0.918,15,1,0,0,1,0.24,0.0205,0
19,5,58,4,0.225,14,3,0,0,1,0.06,0.2802,1
3,52,70,5,0.81,15,1,1,2,1,0.553,0.4134,1
4,85,8,6,0.874,21,1,0,1,0,0.707,0.0034,0
1,61,11,2,0.752,19,2,1,0,2,0.792,0.0768,1
2,25,1,4,0.594,0,1,1,2,3,0.463,0.2362,1
5,27,26,4,0.223,16,5,1,3,1,0.146,0.0241,1
1,35,28,1,0.901,4,5,0,1,0,0.228,0.343,0
6,26,11,4,0.758,4,2,0,1,1,0.447,0.0382,0
2,140,65,5,0.894,6,0,1,1,0,0.323,0.4162,0
3,912,7,2,0.77,12,6,1,1,0,0.043,0.1279,0
2,14,28,5,0.839,11,0,1,2,0,0.332,0.0463,0
28,4,2,4,0.437,3,5,0,3,2,0.323,0.0763,1
4,29,11,5,0.564,3,6,1,2,3,0.132,0.0968,1
1,1586,9,2,0.885,22,2,0,1,0,0.343,0.3958,1
10,9,17,2,0.93,20,0,0,2,0,0.136,0.0258,0
1,387,6,1,0.839,20,6,1,2,1,0.472,0.1655,0
5,410,10,4,0.603,5,6,0,0,1,0.312,0.2267,1
1,14,42,1,0.747,23,3,1,1,1,0.137,0.1003,0
1,77,6,2,0.601,14,0,0,3,0,0.614,0.0468,0
5,380,1,3,0.947,20,2,0,2,2,0.427,0.0601,1
9,18,168,2,0.976,18,6,0,3,1,0.536,0.2662,1
5,24,96,2,0.902,5,5,0,2,0,0.465,0.1658,0
3,13,1,1,0.794,11,3,0,0,1,0.712,0.2315,0
3,7,34,3,0.536,13,1,1,1,0,0.288,0.1308,0
1,12,5,4,0.659,17,1,1,4,0,0.267,0.1554,0
2,5,18,6,0.904,11,1,0,2,3,0.671,0.3055,1
2,34,18,3,0.613,23,5,0,2,0,0.225,0.272,0
12,10,8,2,0.5,23,6,1,1,0,0.251,0.2929,0
6,47,3,3,0.766,14,2,1,0,1,0.323,0.0471,0
1,3,4,1,0.822,18,1,1,3,2,0.408,0.186,1
6,54,3,2,0.627,7,0,1,1,1,0.33,0.074,0
3,115,3,1,0.933,8,1,0,1,2,0.395,0.047,1
2,1,11,3,0.528,4,6,0,2,0,0.217,0.5267,0
8,58,4,4,0.55,4,4,0,0,2,0.251,0.1779,1
12,208,33,2,0.809,5,5,0,3,1,0.408,0.1943,1
11,5,113,2,0.676,22,4,1,0,0,0.098,0.0569,0
1,407,5,3,0.855,2,1,0,2,1,0.519,0.0836,0
3,62,17,2,0.819,4,6,1,1,2,0.523,0.1507,1
6,11,25,2,0.954,0,1,1,2,3,0.651,0.0527,1
11,30,24,3,0.513,10,4,1,2,1,0.463,0.0238,0
2,76,13,1,0.802,20,6,1,1,2,0.072,0.1543,1
3,37,37,6,0.812,19,5,0,0,0,0.496,0.3425,0
1,74,25,2,0.605,0,5,1,2,1,0.35,0.0149,0
1,8,1,2,0.522,6,1,0,0,2,0.483,0.324,1
10,42,44,2,0.689,14,5,0,2,1,0.145,0.1554,1
17,3,46,4,0.739,16,3,1,2,1,0.363,0.0884,0
4,28,3,1,0.59,7,6,0,2,0,0.632,0.0626,0
12,8,12,2,0.712,1,6,1,2,0,0.544,0.1108,0
6,10,33,4,0.666,12,5,1,0,1,0.254,0.0507,0
2,211,8,3,0.657,11,6,1,0,0,0.533,0.0271,0
6,170,60,3,0.899,4,4,0,2,1,0.395,0.0373,0
20,82,422,3,0.439,12,2,1,1,1,0.261,0.227,1
4,6,3,6,0.685,5,4,0,1,1,0.28,0.0792,0
21,20,1,3,0.432,14,0,1,3,1,0.296,0.1351,1
1,204,19,3,0.783,22,3,0,2,1,0.428,0.1227,0
10,40,35,1,0.473,21,2,1,3,3,0.184,0.1384,1
4,1073,8,2,0.735,20,1,0,2,2,0.6,0.2185,1
3,59,107,4,0.82,21,6,0,2,0,0.739,0.0498,0
4,44,1,3,0.931,10,0,0,1,0,0.33,0.0859,0
1,20,34,3,0.91,3,0,0,0,0,0.376,0.2359,0
3,40,4,2,0.8,0,3,1,1,1,0.577,0.0495,0
6,26,160,3,0.901,14,2,0,2,0,0.251,0.1503,0
19,95,241,1,0.399,11,0,0,3,1,0.355,0.1502,1
2,139,3,2,0.771,8,2,0,2,4,0.771,0.1319,1
1,10,5,2,0.967,10,2,0,3,1,0.205,0.2012,0
2,4,44,3,0.565,4,5,0,1,0,0.39,0.2273,0
11,2,6,5,0.844,23,0,1,1,1,0.447,0.1811,1
6,70,11,3,0.502,6,2,0,1,2,0.297,0.0406,1
2,6,12,6,0.697,7,3,0,2,1,0.257,0.0735,0
7,1,0,2,0.498,0,0,0,0,2,0.409,0.065,1
4,59,11,5,0.615,0,3,0,1,0,0.41,0.1785,0
11,1393,4,6,0.593,2,3,0,0,0,0.031,0.0734,0
2,32,5,6,0.561,7,2,0,3,1,0.101,0.0074,0
3,116,106,3,0.711,10,2,1,1,0,0.328,0.2805,0
3,37,1,4,0.601,0,5,0,2,3,0.193,0.0212,1
1,28,41,3,0.768,13,6,0,1,1,0.287,0.0639,0
6,131,8,2,0.467,0,5,0,0,0,0.511,0.1719,0
5,21,8,5,0.744,5,0,1,2,1,0.34,0.1049,0
4,49,39,4,0.459,20,5,1,0,0,0.689,0.1202,0
3,53,20,2,0.632,5,1,0,0,1,0.523,0.4503,1
1,12,28,1,0.543,2,0,1,1,1,0.567,0.0769,0
2,146,52,1,0.779,9,3,0,1,0,0.243,0.3117,0
3,25,7,5,0.708,11,5,0,3,2,0.172,0.0975,1
2,10,4,6,0.451,9,5,0,0,1,0.544,0.2253,1
3,74,2,1,0.916,21,6,0,3,1,0.455,0.0195,0
6,8,3,2,0.823,1,5,0,1,1,0.03,0.0565,0
29,34,1016,5,0.791,23,2,0,3,2,0.409,0.2346,1
5,32,78,4,0.63,21,3,0,2,1,0.201,0.0564,0
5,168,1,3,0.623,12,5,0,3,0,0.644,0.4447,0
4,67,1,2,0.797,15,4,0,2,1,0.195,0.1573,0
1,31,25,1,0.601,12,4,0,1,0,0.411,0.1214,0
4,112,27,4,0.908,3,3,1,1,1,0.39,0.0977,0
4,266,27,5,0.624,3,5,0,0,0,0.643,0.0268,0
52,76,8,2,0.698,10,6,1,1,1,0.746,0.1171,1
3,33,10,3,0.579,22,1,1,1,3,0.417,0.0084,1
6,4,19,7,0.328,13,6,0,3,0,0.358,0.2396,0
4,6,13,5,0.634,2,1,0,1,0,0.58,0.0586,0
1,20,0,3,0.753,18,0,0,1,3,0.488,0.1613,1
14,13,8,1,0.592,21,0,0,1,1,0.225,0.3213,1
9,25,3,3,0.343,0,6,0,3,2,0.451,0.1307,1
9,36,15,4,0.96,4,5,0,1,0,0.607,0.2033,0
1,73,1072,1,0.69,16,6,0,3,2,0.496,0.1487,1
18,29,21,3,0.818,0,0,1,3,0,0.443,0.0525,0
1,68,7,3,0.571,18,2,0,1,2,0.582,0.1475,1
8,36,48,4,0.356,18,1,1,2,0,0.373,0.1513,0
40,1,25,1,0.489,3,3,0,0,0,0.269,0.1593,0
1,8,22,2,0.752,18,6,1,2,0,0.808,0.0423,0
2,26,30,3,0.914,5,5,0,2,1,0.718,0.3631,1
4,5,266,2,0.691,14,5,0,2,2,0.26,0.1255,1
2,81,2,1,0.743,3,4,1,0,0,0.815,0.1227,0
1,329,24,1,0.694,23,1,1,0,0,0.348,0.0366,0
4,206,3,3,0.855,0,1,0,2,0,0.49,0.0328,0
1,24,28,1,0.306,23,1,0,0,0,0.606,0.0836,0
7,309,3,3,0.633,16,6,1,2,2,0.376,0.3851,1
1,41,6,1,0.478,10,0,1,1,2,0.336,0.0205,1
21,19,7,1,0.766,16,2,0,3,0,0.536,0.1272,0
2,13,52,7,0.867,22,6,0,1,1,0.573,0.0994,0
3,21,48,3,0.428,0,3,1,0,0,0.157,0.0715,0
10,18,1,2,0.947,8,0,0,3,0,0.194,0.1681,0
1,42,13,4,0.374,13,6,1,1,4,0.07,0.07,1
5,42,4,4,0.905,14,2,0,3,3,0.158,0.0318,1
16,33,1,1,0.934,23,1,1,3,0,0.06,0.1875,0
1,63,8,3,0.285,0,2,1,2,1,0.253,0.2227,1
5,197,7,3,0.825,1,0,1,1,2,0.548,0.0963,1
5,137,464,7,0.829,17,6,0,2,0,0.157,0.129,0
9,3,23,3,0.359,17,1,0,2,1,0.437,0.332,1
1,0,1,2,0.387,5,6,0,3,1,0.389,0.0903,0
1,134,5,4,0.513,19,0,1,1,2,0.582,0.142,1
7,4,56,2,0.694,7,3,1,2,1,0.148,0.186,0
6,23,279,2,0.635,0,1,0,1,0,0.437,0.0907,0
5,5,1,3,0.722,14,2,1,3,0,0.248,0.1443,0
6,2,0,1,0.745,9,0,1,1,1,0.485,0.0813,0
2,74,201,1,0.74,3,4,0,0,0,0.099,0.0542,0
5,103,21,3,0.74,9,2,0,1,2,0.316,0.084,1
6,13,3,4,0.651,10,2,1,2,2,0.471,0.0351,1
2,0,27,6,0.655,4,1,0,1,2,0.537,0.1752,1
28,14,0,4,0.829,8,6,1,2,1,0.192,0.1168,1
7,59,12,2,0.886,4,5,0,0,0,0.669,0.3806,0
1,3,19,2,0.659,10,2,1,1,1,0.356,0.0706,0
8,43,48,8,0.889,2,0,0,2,1,0.162,0.3387,1
1,32,2,4,0.769,3,4,0,2,1,0.343,0.3829,1
9,78,13,3,0.752,9,3,0,2,1,0.576,0.1538,0
14,39,3,1,0.493,6,4,0,3,1,0.26,0.1201,1
1,7,17,2,0.616,0,0,0,4,1,0.262,0.1104,0
11,199,3,1,0.761,5,1,0,3,0,0.667,0.1331,0
6,26,6,3,0.693,7,0,1,2,2,0.637,0.1073,1
10,31,2,4,0.687,16,5,1,0,0,0.514,0.0247,0
29,8,32,1,0.886,23,5,0,4,0,0.479,0.0322,0
3,17,44,2,0.858,6,5,1,3,1,0.589,0.3696,1
2,8,8,5,0.968,0,2,0,0,1,0.589,0.0172,0
1,25,12,5,0.746,8,1,1,1,0,0.267,0.0499,0
1,431,1,3,0.804,10,6,1,4,0,0.611,0.2837,0
4,4,7,1,0.803,18,5,0,4,1,0.474,0.095,0
6,2,11,3,0.643,1,6,1,1,0,0.263,0.2879,0
5,300,620,2,0.615,22,3,1,4,1,0.582,0.1652,0
10,24,2,5,0.813,10,3,0,3,1,0.743,0.0659,0
4,12,109,1,0.533,2,6,1,0,0,0.111,0.0936,0
19,157,54,3,0.927,16,0,1,3,2,0.563,0.016,1
3,13,18,3,0.549,9,5,0,0,1,0.398,0.138,0
68,512,170,4,0.806,2,2,1,1,1,0.472,0.1551,1
8,91,21,2,0.701,21,3,1,3,1,0.158,0.2071,1
1,15,21,2,0.834,2,4,0,3,0,0.219,0.1722,0
1,842,11,1,0.654,20,1,0,1,0,0.075,0.1736,0
7,13,76,1,0.572,6,4,0,5,0,0.087,0.0715,0
3,100,63,2,0.82,1,6,1,7,1,0.64,0.0474,0
9,51,4,2,0.97,0,3,1,2,1,0.716,0.4298,1
7,233,1,1,0.891,6,3,0,0,1,0.708,0.0823,0
4,344,8,5,0.944,19,0,1,1,4,0.172,0.049,1
1,34,3,7,0.551,10,0,1,4,2,0.784,0.2552,1
1,10,11,2,0.825,22,5,1,1,1,0.814,0.0239,0
2,66,77,2,0.884,5,6,0,1,1,0.618,0.3318,1
10,11,6,2,0.653,22,1,0,2,1,0.124,0.1255,0
5,678,11,1,0.556,3,5,1,1,2,0.819,0.1388,1
1,40,13,2,0.827,18,0,0,1,0,0.541,0.0027,0
5,19,43,2,0.862,20,2,1,2,0,0.511,0.0137,0
6,43,0,5,0.747,18,1,1,0,1,0.5,0.1264,0
1,4,4,1,0.784,13,2,0,1,0,0.456,0.1138,0
5,7,16,3,0.964,2,5,1,0,1,0.252,0.1251,1
4,200,73,2,0.814,3,0,0,2,1,0.564,0.2414,1
1,12,5,5,0.944,7,1,0,1,0,0.481,0.3203,0
6,6,0,3,0.848,17,5,0,0,1,0.475,0.0578,0
7,74,30,5,0.865,3,3,0,1,0,0.12,0.0252,0
13,196,4,6,0.918,10,5,0,0,0,0.714,0.0789,0
12,97,2,3,0.808,15,6,1,1,0,0.424,0.0425,0
1,147,4,5,0.816,2,4,1,0,0,0.064,0.1606,0
1,10,9,2,0.667,6,3,0,4,0,0.207,0.0838,0
7,3,4,1,0.818,1,2,1,3,0,0.726,0.1949,0
7,314,0,6,0.649,0,3,0,0,1,0.678,0.0697,1
7,20,46,5,0.905,0,5,0,4,0,0.367,0.2344,0
211,22,82,3,0.805,5,3,1,1,2,0.461,0.0329,1
7,242,32,6,0.856,18,4,1,1,1,0.176,0.2247,1
13,76,2,3,0.894,6,6,1,3,0,0.689,0.1804,0
11,65,9,1,0.421,23,5,0,2,2,0.11,0.2474,1
8,851,12,1,0.717,4,4,1,1,1,0.704,0.0541,1
3,12,29,2,0.69,20,3,1,0,0,0.482,0.136,0
9,133,33,2,0.74,17,4,1,2,0,0.447,0.2854,0
2,36,4,4,0.777,23,3,0,4,1,0.55,0.0118,0
3,49,13,5,0.902,12,1,0,0,0,0.248,0.0706,0
2,327,24,1,0.904,0,3,1,1,1,0.294,0.051,0
4,70,108,4,0.672,9,0,1,1,1,0.058,0.0996,0
45,74,35,3,0.555,8,4,0,2,1,0.23,0.1481,1
1,165,39,2,0.721,16,6,0,4,0,0.652,0.1863,0
8,19,13,3,0.578,0,4,0,2,1,0.327,0.0074,0
1,9,101,2,0.311,0,2,0,1,0,0.176,0.147,0
2,6,22,3,0.737,6,6,0,1,1,0.202,0.0131,0
13,1,3,5,0.906,3,6,0,0,0,0.32,0.3735,0
4,723,99,2,0.531,22,2,0,2,2,0.674,0.3571,1
1,6,34,5,0.921,20,0,0,2,1,0.527,0.087,0
2,23,6,1,0.817,11,4,0,1,0,0.373,0.0257,0
8,21,5,1,0.531,15,6,0,0,0,0.44,0.0838,0
2,52,19,4,0.877,13,4,0,0,0,0.383,0.0236,0
5,112,24,6,0.84,22,6,1,1,1,0.282,0.1391,1
4,120,16,4,0.403,9,2,0,0,1,0.342,0.1253,0
2,13,19,3,0.78,13,2,1,1,0,0.317,0.1989,0
38,25,156,5,0.95,6,3,0,3,1,0.179,0.0375,1
8,50,60,2,0.803,3,5,1,1,2,0.153,0.0721,1
1,22,16,2,0.595,1,4,0,3,1,0.546,0.0693,0
5,369,49,2,0.641,23,4,0,4,2,0.395,0.0659,1
2,69,2,4,0.747,17,6,0,0,0,0.26,0.1399,0
10,99,22,3,0.334,15,3,1,1,2,0.439,0.1994,1
2,89,183,5,0.702,8,4,0,3,2,0.428,0.1738,1
3,192,8,2,0.836,4,6,0,0,0,0.438,0.2011,0
7,43,3,2,0.627,8,0,0,0,1,0.855,0.1832,0
10,4,4,3,0.723,7,2,1,2,0,0.926,0.0833,0
1,60,2,3,0.726,23,2,0,1,1,0.471,0.3454,1
3,12,3,4,0.415,19,5,0,0,1,0.067,0.1775,1
2,14,6,1,0.592,15,2,0,2,2,0.492,0.0168,1
2,79,1,1,0.912,19,1,0,2,2,0.434,0.2603,1
26,212,12,1,0.352,17,0,1,3,1,0.362,0.0239,1
6,34,47,4,0.859,3,0,0,1,1,0.361,0.033,0
1,52,3,3,0.828,15,3,0,2,2,0.15,0.2629,1
11,425,118,4,0.72,3,1,1,0,0,0.203,0.101,0
37,47,26,1,0.665,5,4,1,1,0,0.508,0.0409,0
12,1640,57,5,0.888,2,5,0,0,1,0.825,0.0503,1
1,77,4,3,0.408,17,0,1,0,1,0.318,0.2293,0
2,2,43,4,0.881,14,1,0,1,1,0.555,0.0552,0
15,102,2,4,0.845,7,1,0,1,3,0.352,0.0641,1
2,58,46,4,0.386,17,6,1,0,0,0.431,0.4191,0
6,229,15,1,0.887,23,0,1,1,0,0.621,0.1417,0
9,90,27,4,0.5,22,6,0,0,2,0.533,0.0368,1
1,26,2,3,0.808,2,3,0,1,1,0.715,0.3072,1
4,5,3,2,0.83,5,1,0,0,0,0.438,0.1482,0
1,24,29,5,0.863,21,2,0,0,0,0.399,0.2761,0
1,9,2,4,0.759,20,1,0,0,1,0.274,0.1097,0
3,13,24,3,0.796,23,4,0,3,0,0.484,0.1574,0
1,80,1,4,0.883,14,0,1,0,0,0.331,0.2853,0
22,405,43,4,0.785,11,4,1,2,0,0.227,0.242,0
1,59,1,3,0.564,4,3,0,1,1,0.114,0.1762,0
2,5,27,1,0.738,6,5,0,0,0,0.471,0.0645,0
5,64,31,2,0.717,21,2,0,4,1,0.256,0.1209,0
18,199,4,1,0.826,14,0,0,0,0,0.466,0.1678,0
1,13,29,4,0.513,6,1,0,1,1,0.7,0.0522,0
14,27,18,1,0.527,12,2,1,2,1,0.465,0.0738,0
4,33,5,5,0.729,2,1,0,2,3,0.174,0.2094,1
1,10,2,1,0.322,22,3,1,1,0,0.567,0.1698,0
7,87,0,4,0.516,12,5,1,2,2,0.415,0.0925,1
5,27,20,1,0.598,2,0,0,0,0,0.267,0.049,0
2,62,1,6,0.593,1,3,0,3,0,0.757,0.3082,0
4,8,14,4,0.689,22,3,1,2,2,0.352,0.188,1
3,17,8,1,0.608,3,5,1,2,0,0.267,0.0543,0
5,97,33,3,0.795,16,3,1,3,0,0.623,0.4175,0
8,18,7,3,0.855,5,3,0,1,1,0.378,0.2074,1
21,441,7,4,0.755,10,1,0,2,2,0.375,0.0518,1
1,18,36,2,0.778,5,6,0,0,4,0.281,0.0808,1
37,46,20,4,0.832,21,4,1,3,2,0.816,0.0595,1
1,134,19,3,0.691,1,1,1,2,0,0.086,0.1359,0
3,3,24,3,0.582,16,5,1,2,1,0.636,0.05,0
8,2,1,2,0.748,2,2,0,0,0,0.461,0.1338,0
5,3,37,4,0.302,11,5,1,2,0,0.569,0.1854,0
2,220,30,3,0.204,13,5,0,2,1,0.148,0.0354,1
3,14,2,1,0.958,1,5,0,1,0,0.619,0.0994,0
2,1536,8,1,0.909,21,5,0,1,2,0.445,0.0836,1
2,14,11,2,0.775,21,3,1,1,0,0.299,0.114,0
10,43,9,2,0.729,4,5,1,1,1,0.728,0.0447,0
6,334,20,1,0.945,9,2,0,0,0,0.37,0.2177,0
2,671,104,6,0.438,9,5,1,3,0,0.63,0.2794,0
11,729,61,2,0.901,20,1,0,1,1,0.457,0.1404,1
6,202,1,5,0.78,8,3,0,2,0,0.156,0.106,0
10,153,30,7,0.868,20,1,0,1,0,0.528,0.0525,0
8,80,89,5,0.638,12,3,0,3,2,0.464,0.0597,1
1,106,21,4,0.714,9,1,0,5,0,0.188,0.0903,0
2,14,62,3,0.88,5,0,0,2,0,0.332,0.0697,0
9,9,249,4,0.917,10,4,1,1,0,0.094,0.2219,0
8,32,56,1,0.668,3,4,0,1,1,0.514,0.0255,0
4,25,17,2,0.623,13,3,1,1,0,0.286,0.3342,0
5,16,58,4,0.689,16,0,0,0,1,0.234,0.0292,0
16,94,15,1,0.87,19,2,1,0,0,0.445,0.0531,0
2,138,12,4,0.76,1,0,1,2,0,0.353,0.0102,0
7,37,7,6,0.19,9,6,1,1,0,0.259,0.1543,0
3,303,127,3,0.555,2,3,0,2,2,0.206,0.0278,1
3,5,3,1,0.555,6,0,1,5,0,0.247,0.1251,0
13,24,121,2,0.528,6,2,0,4,2,0.247,0.0115,1
10,11,25,4,0.721,0,3,1,0,1,0.086,0.0552,0
10,2,1,3,0.866,7,4,0,0,2,0.326,0.044,1
16,29,21,1,0.968,22,5,0,2,1,0.382,0.0938,1
4,27,0,7,0.404,0,0,0,2,1,0.594,0.0297,0
8,320,31,2,0.711,7,4,1,2,1,0.31,0.0676,0
3,85,45,5,0.802,13,4,0,1,1,0.294,0.1132,0
6,7,5,6,0.886,13,1,1,1,0,0.762,0.0477,0
3,534,14,1,0.75,1,2,1,2,0,0.36,0.1437,0
4,206,228,1,0.896,7,6,1,1,0,0.367,0.1282,0
8,79,5,2,0.791,18,5,0,4,1,0.324,0.1467,1
1,23,2,3,0.723,9,0,1,0,1,0.264,0.0912,0
36,7,112,5,0.662,6,4,0,3,2,0.43,0.1383,1
1,18,231,1,0.523,12,4,0,6,0,0.303,0.1844,0
1,169,12,1,0.862,21,6,1,4,0,0.366,0.0415,0
14,559,55,3,0.525,20,2,1,2,1,0.187,0.0959,1
9,335,91,4,0.941,14,5,1,2,0,0.523,0.056,0
8,15,3,3,0.648,10,5,0,1,0,0.177,0.0166,0
8,6,5,4,0.827,13,6,0,2,1,0.379,0.0119,0
4,40,77,3,0.601,10,4,0,2,0,0.648,0.125,0
1,2,152,5,0.833,1,4,0,2,0,0.887,0.1539,0
4,53,28,6,0.52,1,4,0,2,0,0.448,0.1652,0
2,26,3,3,0.799,11,4,0,2,0,0.027,0.1109,0
11,16,239,4,0.713,14,1,1,0,1,0.535,0.1245,0
3,3,5,1,0.512,16,1,1,1,2,0.713,0.0845,1
1,71,7,3,0.602,13,6,1,0,1,0.547,0.2576,1
3,14,20,3,0.939,15,5,1,1,0,0.604,0.2316,0
6,5,125,2,0.622,7,3,0,2,2,0.239,0.1167,1
2,0,43,4,0.422,23,0,0,1,3,0.378,0.2101,1
1,31,22,3,0.867,16,2,1,1,1,0.359,0.2479,0
5,472,24,5,0.958,4,3,0,2,0,0.342,0.0475,0
5,400,13,3,0.748,11,1,0,2,1,0.405,0.2517,1
2,16,28,3,0.785,5,1,0,2,0,0.091,0.1258,0
2,13,0,2,0.846,17,1,0,0,0,0.636,0.0486,0
5,66,7,1,0.452,4,3,1,1,0,0.65,0.2882,0
1,7,17,4,0.937,5,1,1,2,2,0.143,0.0228,1
1,52,2,3,0.737,8,3,1,3,2,0.309,0.2504,1
2,104,21,2,0.876,14,1,0,1,1,0.591,0.0233,0
3,208,8,4,0.675,9,4,0,3,0,0.151,0.2567,0
6,28,169,6,0.879,16,4,1,2,0,0.108,0.0199,0
19,24,128,4,0.729,18,0,0,0,1,0.446,0.3694,1
10,8,6,4,0.827,11,1,0,2,2,0.34,0.2112,1
3,9,9,2,0.864,8,6,1,1,0,0.625,0.049,0
4,23,10,1,0.698,14,0,1,2,1,0.231,0.0477,0
1,57,6,1,0.431,13,3,1,2,1,0.468,0.3343,1
4,130,16,1,0.648,0,0,0,0,1,0.516,0.1822,0
3,9,3,4,0.837,16,1,0,0,3,0.249,0.144,1
6,310,2,3,0.741,0,3,1,2,1,0.48,0.2326,1
1,22,31,4,0.589,22,6,0,2,2,0.288,0.0739,1
7,32,31,4,0.695,20,3,1,2,0,0.492,0.0907,0
20,10,3,2,0.876,21,4,0,2,0,0.49,0.2449,0
4,0,46,6,0.77,12,3,1,4,1,0.202,0.0129,0
6,124,4,3,0.596,7,3,1,1,0,0.596,0.0507,0
8,100,17,1,0.749,12,0,0,1,2,0.277,0.1127,1
3,21,41,3,0.828,15,6,0,1,0,0.351,0.1416,0
5,36,11,2,0.616,1,5,1,3,0,0.443,0.113,0
4,71,24,2,0.57,12,3,1,0,1,0.402,0.0389,0
4,3,5,3,0.84,17,2,0,2,1,0.183,0.0265,0
2,14,9,3,0.718,2,5,1,0,1,0.491,0.059,0
4,109,8,3,0.778,12,4,0,1,1,0.401,0.1072,0
7,5,3,3,0.746,18,6,0,2,0,0.421,0.0359,0
19,51,9,6,0.885,12,6,0,2,0,0.609,0.1222,0
11,4,1,6,0.878,18,4,1,4,1,0.406,0.0632,0
38,66,5,3,0.961,3,3,0,2,0,0.365,0.084,0
2,31,7,3,0.704,18,0,0,1,2,0.401,0.0853,1
10,2,8,3,0.969,17,5,1,3,0,0.705,0.0865,0
5,190,8,2,0.6,5,4,0,2,1,0.346,0.0919,0
40,11,11,3,0.278,18,4,0,4,1,0.448,0.0494,1
1,9,25,3,0.882,3,2,0,0,0,0.008,0.139,0
1,44,45,3,0.826,3,3,1,1,1,0.016,0.1463,0
2,185,4,1,0.753,23,5,0,4,1,0.71,0.1544,0
1,7,2,4,0.957,6,4,1,0,1,0.225,0.0495,0
2,36,2,1,0.674,6,6,1,1,3,0.748,0.0038,1
2,63,5,4,0.698,22,4,1,1,1,0.444,0.2273,0
5,93,7,2,0.783,15,4,1,3,2,0.189,0.0143,1
6,43,3,2,0.656,15,4,0,1,1,0.215,0.1158,0
29,19,1,5,0.675,4,0,0,1,1,0.47,0.1811,1
11,9,6,4,0.826,14,1,1,2,4,0.588,0.3013,1
2,37,15,1,0.465,22,2,1,3,1,0.204,0.0751,0
1,6,29,1,0.722,3,6,0,0,2,0.357,0.1851,1
7,0,5,5,0.689,23,0,0,1,0,0.254,0.0506,0
1,63,6,3,0.827,12,2,0,3,0,0.339,0.063,0
27,128,3,1,0.833,18,4,0,0,1,0.15,0.058,1
14,0,11,1,0.969,6,2,0,1,1,0.387,0.0849,0
2,7,3,5,0.79,11,3,0,1,0,0.434,0.3551,0
1,83,28,4,0.884,8,3,0,0,1,0.468,0.1169,0
17,725,0,4,0.884,16,1,0,1,0,0.73,0.1548,0
3,34,7,1,0.828,1,1,0,2,1,0.21,0.2145,1
15,11,19,1,0.529,15,2,1,3,0,0.52,0.0965,0
1,25,16,4,0.571,6,0,1,2,1,0.239,0.1838,0
2,260,691,2,0.928,17,0,1,3,2,0.428,0.1319,1
4,12,20,4,0.854,6,4,0,0,0,0.604,0.3801,0
4,9,2,1,0.57,0,0,0,2,0,0.223,0.0357,0
2,16,10,1,0.449,2,1,1,3,0,0.28,0.0206,0
8,7,0,4,0.541,20,0,1,0,1,0.602,0.1109,0
1,39,10,2,0.878,10,4,0,3,0,0.311,0.1118,0
3,378,3,1,0.772,21,3,0,2,0,0.495,0.0073,0
5,53,48,1,0.694,14,0,0,2,1,0.148,0.107,0
7,22,5,3,0.753,2,0,0,5,1,0.344,0.2622,1
9,21,10,4,0.612,23,1,0,2,1,0.54,0.0671,0
1,3,4,2,0.877,12,2,1,1,1,0.862,0.101,0
1,124,165,2,0.79,3,3,0,2,1,0.548,0.0555,0
16,29,7,4,0.824,22,2,1,6,2,0.83,0.0763,1
6,25,190,3,0.766,21,4,1,1,2,0.115,0.0314,1
2,3982,41,1,0.823,7,4,1,2,0,0.201,0.1076,0
21,51,25,1,0.852,21,2,1,0,1,0.292,0.0997,1
5,10,21,3,0.678,3,1,1,5,2,0.496,0.054,1
14,17,21,2,0.573,17,5,0,3,1,0.549,0.0143,0
4,185,0,3,0.496,6,1,1,5,0,0.215,0.054,0
35,39,8,2,0.872,10,5,1,2,1,0.259,0.1755,1
25,3,43,6,0.855,3,5,0,0,0,0.702,0.0694,0
3,131,11,7,0.773,12,1,1,0,1,0.498,0.1137,0
11,12,1,4,0.885,8,5,1,1,0,0.067,0.0469,0
8,550,11,2,0.39,8,5,1,1,0,0.418,0.039,0
17,167,156,2,0.504,22,5,0,3,2,0.115,0.0508,1
1,16,79,1,0.763,20,3,0,1,1,0.338,0.1495,0
8,226,11,5,0.492,18,4,0,2,0,0.251,0.0848,0
12,36,50,2,0.525,2,5,0,3,0,0.371,0.2046,0
1,119,7,4,0.587,11,4,0,1,0,0.168,0.0313,0
1,68,0,4,0.663,10,6,0,1,0,0.668,0.166,0
1,9,3,4,0.938,19,4,1,4,0,0.603,0.2051,0
3,12,127,5,0.571,10,6,0,2,0,0.475,0.1654,0
9,155,8,3,0.796,16,3,0,2,3,0.436,0.0709,1
20,20,8,3,0.866,20,4,0,2,0,0.091,0.0519,0
4,18,7,5,0.758,13,2,0,3,1,0.259,0.2018,0
22,7,211,4,0.78,15,0,0,1,2,0.648,0.0794,1
1,62,139,3,0.715,23,3,0,0,3,0.707,0.0989,1
1,730,339,4,0.881,9,0,0,0,1,0.422,0.0766,0
4,6,9,3,0.43,3,2,0,4,1,0.278,0.2111,1
6,34,18,3,0.869,9,1,0,2,0,0.264,0.2182,0
4,275,1,4,0.878,19,1,0,2,1,0.39,0.0256,0
1,29,111,3,0.896,11,5,0,1,1,0.173,0.1995,0
4,65,2,1,0.447,8,1,0,2,2,0.071,0.0132,1
1,6,16,3,0.729,14,3,0,1,0,0.571,0.1103,0
8,62,2,2,0.77,8,1,1,1,0,0.833,0.1548,0
6,25,5,2,0.417,6,3,1,1,1,0.685,0.0886,0
1,145,3,4,0.827,23,3,0,1,0,0.218,0.0068,0
2,196,4,4,0.524,11,0,0,0,1,0.659,0.2776,1
1,1610,5,1,0.681,19,1,1,1,0,0.123,0.2029,0
4,79,5,7,0.847,23,4,0,1,0,0.51,0.123,0
11,53,42,3,0.895,13,6,1,2,0,0.367,0.1571,0
1,44,2,2,0.814,21,1,1,1,1,0.204,0.1865,0
7,19,16,6,0.597,15,1,1,3,1,0.38,0.0399,0
2,55,75,1,0.847,18,1,1,2,0,0.067,0.0392,0
2,21,5,6,0.505,22,5,1,3,1,0.299,0.1019,0
4,42,4,3,0.704,2,4,1,2,2,0.343,0.4562,1
1,238,8,3,0.773,10,4,1,4,1,0.389,0.1326,0
2,7,71,5,0.768,22,3,1,0,0,0.046,0.1037,0
1,183,16,5,0.707,20,4,1,3,0,0.222,0.1419,0
31,238,5,2,0.603,19,3,0,4,1,0.353,0.1437,1
4,27,25,4,0.794,18,6,0,2,2,0.903,0.0123,1
2,1,2,3,0.551,7,0,1,5,1,0.286,0.0208,0
5,13,33,6,0.828,19,3,0,2,1,0.763,0.1856,0
4,231,22,1,0.684,7,1,1,1,1,0.703,0.2152,0
3,31,7,3,0.831,2,2,1,2,3,0.494,0.1062,1
8,7,3,5,0.498,9,2,1,3,1,0.106,0.095,0
9,15,3,3,0.699,12,5,1,0,1,0.573,0.021,0
2,116,27,2,0.901,8,1,1,1,1,0.278,0.057,0
2,75,76,1,0.658,5,3,0,1,0,0.267,0.1714,0
3,23,4,1,0.842,14,1,1,1,0,0.757,0.0979,0
1,19,24,4,0.78,15,5,0,2,0,0.237,0.1994,0
1,18,0,6,0.339,4,4,0,4,0,0.644,0.1623,0
17,8,5,2,0.655,20,3,0,4,1,0.314,0.136,0
23,373,11,4,0.847,12,6,0,3,1,0.45,0.0444,1
3,20,3,1,0.575,18,1,0,2,0,0.499,0.1077,0
7,205,2,1,0.853,1,4,0,6,0,0.066,0.0992,0
6,324,4,9,0.87,5,5,1,4,0,0.747,0.0863,0
97,148,18,2,0.785,0,4,1,0,1,0.266,0.0757,1
13,17,9,2,0.644,14,3,0,1,0,0.164,0.1042,0
3,60,0,3,0.633,14,5,0,1,1,0.316,0.2887,1
1,31,0,4,0.793,13,5,1,2,0,0.56,0.0861,0
1,8,4,2,0.651,6,5,1,1,0,0.4,0.4801,0
5,53,24,1,0.85,4,0,1,0,1,0.37,0.2035,1
2,5,0,2,0.854,19,5,0,0,2,0.478,0.0474,1
1,196,5,1,0.662,15,0,1,1,0,0.311,0.0522,0
2,16,5,1,0.64,16,4,0,1,1,0.454,0.313,1
1,44,97,3,0.605,10,6,1,0,2,0.105,0.0185,1
24,50,6,2,0.864,14,0,0,1,1,0.374,0.0656,1
10,22,21,6,0.792,19,4,0,2,0,0.672,0.0729,0
4,79,15,2,0.751,15,0,0,2,1,0.414,0.1223,0
19,16,0,2,0.773,2,4,0,2,1,0.162,0.1679,1
4,122,38,2,0.725,5,4,0,0,1,0.326,0.0495,0
1,4,16,6,0.816,20,6,1,2,1,0.333,0.0806,0
20,40,26,1,0.796,22,5,1,2,5,0.12,0.1439,1
7,606,4399,4,0.947,12,6,0,2,3,0.102,0.1505,1
1,7,0,4,0.678,0,6,0,1,0,0.227,0.2198,0
3,11,161,2,0.571,20,5,0,2,1,0.557,0.021,0
1,71,7,3,0.524,13,4,1,3,1,0.719,0.1953,0
1,43,18,1,0.864,1,5,0,1,0,0.551,0.0787,0
11,56,11,3,0.834,1,4,0,2,2,0.594,0.1603,1
30,68,6,4,0.838,14,5,0,0,2,0.445,0.043,1
1,85,5,2,0.669,17,2,1,3,0,0.284,0.1881,0
7,174,19,4,0.809,8,0,0,1,0,0.3,0.0338,0
2,61,1,1,0.698,2,6,0,4,0,0.524,0.1679,0
2,23,37,2,0.652,3,4,1,2,1,0.584,0.1761,0
2,90,6,4,0.784,14,1,1,2,0,0.626,0.0748,0
1,572,2,4,0.834,4,5,1,1,2,0.437,0.3775,1
4,27,6,2,0.759,19,5,0,1,0,0.388,0.1963,0
1,7,80,3,0.676,19,3,0,2,2,0.383,0.0573,1
5,174,5,4,0.434,4,1,1,3,3,0.526,0.1254,1
4,27,20,4,0.686,9,1,1,1,0,0.536,0.0626,0
3,1,4,3,0.633,15,6,0,3,0,0.72,0.1404,0
1,118,37,3,0.756,11,2,0,2,0,0.24,0.1578,0
2,14,34,3,0.78,13,0,0,2,0,0.161,0.053,0
9,28,194,2,0.663,21,2,0,1,0,0.375,0.0218,0
7,54,9,3,0.475,10,0,1,2,1,0.26,0.0079,0
1,44,33,4,0.564,18,4,1,1,2,0.592,0.2442,1
4,95,14,5,0.662,5,6,0,2,1,0.57,0.1468,1
9,17,85,5,0.84,9,2,0,3,2,0.12,0.1079,1
1,71,4,1,0.662,19,3,1,2,2,0.319,0.0936,1
7,22,37,5,0.724,2,0,0,1,1,0.128,0.0532,0
2,100,9,4,0.664,21,2,1,1,0,0.464,0.0195,0
7,83,11,2,0.714,14,6,1,0,1,0.595,0.3128,1
2,8,13,2,0.292,10,3,1,0,1,0.378,0.0432,1
1,168,17,1,0.805,21,6,0,2,2,0.139,0.1759,1
1,14,10,3,0.606,1,1,0,1,0,0.481,0.0778,0
4,111,16,5,0.812,23,5,0,2,0,0.371,0.0443,0
5,57,129,1,0.874,5,4,0,2,1,0.401,0.1628,0
1,521,53,2,0.701,16,6,0,0,3,0.697,0.2405,1
8,23,44,3,0.962,17,4,1,2,0,0.446,0.019,0
1,19,6,3,0.868,3,6,1,2,1,0.104,0.1789,0
4,32,3,3,0.793,22,1,1,1,1,0.16,0.1315,0
1,21,51,3,0.678,8,6,0,1,0,0.868,0.2321,0
2,109,45,5,0.76,9,6,1,1,1,0.672,0.4739,1
4,2,110,4,0.553,20,2,1,3,1,0.503,0.3665,1
1,6,4,3,0.79,1,5,0,1,0,0.181,0.3049,0
3,6,8,5,0.936,10,1,1,2,2,0.55,0.1592,1
12,137,1,4,0.604,10,3,0,0,0,0.561,0.2439,0
2,430,6,1,0.668,10,5,0,0,0,0.325,0.2491,0
10,28,54,3,0.825,0,0,0,0,0,0.249,0.3269,0
1,25,6,3,0.61,13,2,1,3,0,0.473,0.056,0
7,36,31,1,0.834,0,5,1,0,2,0.371,0.1092,1
18,189,9,5,0.762,20,0,0,0,2,0.445,0.1927,1
1,8,19,3,0.706,22,1,0,2,0,0.626,0.0543,0
2,47,2,2,0.671,8,6,0,0,0,0.304,0.2474,0
7,142,13,3,0.932,23,4,0,0,3,0.232,0.1917,1
3,70,0,3,0.337,0,5,0,1,1,0.105,0.1807,1
6,44,9,3,0.727,20,5,0,1,2,0.54,0.0514,1
2,148,1,1,0.737,21,0,0,0,3,0.3,0.1915,1
4,0,74,5,0.439,21,0,1,0,1,0.444,0.2071,1
3,91,39,1,0.949,3,4,0,3,1,0.35,0.0704,0
14,12,24,4,0.688,0,0,1,1,1,0.694,0.1735,1
5,2,119,2,0.557,18,0,0,1,1,0.514,0.1477,0
6,71,2,3,0.984,9,5,0,0,0,0.553,0.0349,0
2,259,167,4,0.862,14,4,0,3,1,0.333,0.1458,0
2,26,49,3,0.727,19,4,0,1,1,0.161,0.1659,0
2,138,8,8,0.771,3,6,0,3,0,0.304,0.0385,0
6,371,66,2,0.82,19,5,1,2,0,0.466,0.1067,0
2,238,2,2,0.668,13,6,1,2,1,0.688,0.0369,0
5,387,3,1,0.823,4,1,0,0,1,0.877,0.1339,1
35,100,4,1,0.808,14,1,0,1,2,0.208,0.2936,1
10,37,5,5,0.699,14,5,1,1,2,0.258,0.1482,1
3,2,2,2,0.777,15,0,0,0,2,0.213,0.13,1
14,22,76,1,0.844,15,2,1,5,0,0.242,0.0164,0
2,9,8,2,0.665,3,1,1,0,1,0.262,0.0636,0
1,859,20,5,0.781,8,1,1,4,0,0.741,0.121,0
1,25,5,4,0.891,0,5,0,0,0,0.787,0.0779,0
1,39,0,4,0.778,4,6,0,0,0,0.723,0.0575,0
3,75,18,4,0.8,8,5,0,0,0,0.462,0.2337,0
4,35,0,4,0.927,19,2,1,0,1,0.456,0.156,0
23,420,10,1,0.737,4,2,1,1,1,0.222,0.0254,1
6,13,1,3,0.741,3,4,1,0,0,0.581,0.2586,0
3,44,240,1,0.737,15,5,1,1,0,0.701,0.0932,0
10,10,47,4,0.695,1,1,1,1,0,0.503,0.0268,0
1,4,14,4,0.806,15,6,1,2,0,0.486,0.0674,0
5,13,81,3,0.776,17,6,1,0,1,0.436,0.0117,0
9,31,3,3,0.675,1,3,1,3,0,0.673,0.0265,0
1,17,27,3,0.948,15,3,0,3,0,0.509,0.1067,0
14,11,16,4,0.743,0,0,0,3,0,0.395,0.1652,0
6,4,18,2,0.902,15,1,1,1,2,0.541,0.1098,1
2,29,82,3,0.683,2,3,0,0,0,0.3,0.0185,0
8,3,36,4,0.33,14,6,0,1,1,0.494,0.1248,1
43,103,18,5,0.781,10,1,1,2,1,0.251,0.0935,1
5,37,1,2,0.522,9,5,1,2,4,0.725,0.0512,1
5,3,2,2,0.91,16,1,1,1,1,0.195,0.0859,0
2,20,10,1,0.663,3,3,0,1,2,0.447,0.0855,1
1,10,14,2,0.907,16,6,1,1,0,0.495,0.1332,0
10,53,2,4,0.952,3,1,0,3,2,0.13,0.0433,1
1,247,453,2,0.648,18,2,1,1,0,0.279,0.2538,0
4,1,118,2,0.689,0,0,0,1,0,0.682,0.0642,0
2,39,30,4,0.662,13,4,1,1,0,0.164,0.1117,0
7,26,13,3,0.943,23,6,1,2,4,0.889,0.159,1
6,90,8,4,0.459,10,3,0,0,1,0.544,0.1486,0
12,45,2,1,0.615,6,5,1,2,1,0.094,0.1456,1
2,10,13,3,0.687,16,4,1,4,1,0.363,0.0719,0
3,20,17,6,0.512,3,0,0,1,0,0.553,0.3707,0
1,10,1,3,0.924,9,6,0,2,2,0.537,0.1713,1
2,166,20,1,0.478,16,6,0,1,0,0.172,0.1067,0
6,34,9,3,0.847,3,2,0,0,2,0.139,0.3859,1
9,573,0,6,0.462,18,2,1,5,1,0.361,0.0378,1
1,30,3,4,0.667,17,2,1,0,1,0.461,0.299,0
10,11,6,4,0.929,16,2,0,0,0,0.138,0.1045,0
17,3,206,1,0.896,5,3,0,2,0,0.139,0.1128,0
6,2,28,5,0.607,6,6,0,3,0,0.647,0.0581,0
29,3,1,1,0.901,5,3,0,2,0,0.166,0.0988,0
2,49,25,5,0.914,11,1,0,1,0,0.885,0.0298,0
1,71,1,2,0.587,8,5,0,0,0,0.549,0.2326,0
1,3,61,1,0.826,17,1,0,1,0,0.226,0.0416,0
20,126,6,3,0.514,1,5,1,2,0,0.465,0.0459,0
8,16,10,6,0.773,16,0,1,2,0,0.32,0.2397,0
4,41,89,3,0.84,20,1,0,1,0,0.33,0.1582,0
5,371,1,2,0.712,0,0,1,3,1,0.263,0.0333,0
1,127,1,2,0.793,22,0,1,1,0,0.845,0.1065,0
51,22,5,2,0.688,8,0,1,1,3,0.399,0.0122,1
5,8,57,3,0.419,5,2,0,0,1,0.113,0.1962,1
4,1,1,7,0.392,1,4,1,3,0,0.078,0.0861,0
9,11,0,1,0.818,5,4,1,6,0,0.588,0.4187,0
7,24,6,3,0.651,8,3,0,4,0,0.849,0.0996,0
5,7,27,3,0.342,2,0,0,2,1,0.687,0.1878,1
2,27,73,4,0.758,15,2,1,1,1,0.529,0.091,0
7,37,6,3,0.993,23,1,1,0,0,0.19,0.1539,0
29,23,6,3,0.719,14,1,1,0,0,0.239,0.0926,0
17,12,68,3,0.847,11,3,1,2,0,0.249,0.2276,0
22,42,0,3,0.857,22,3,1,4,4,0.398,0.1649,1
2,64,6,7,0.917,7,0,0,1,0,0.538,0.1121,0
1,6,16,2,0.595,5,0,0,2,1,0.742,0.1044,0
3,274,23,2,0.756,2,1,1,1,1,0.07,0.0168,0
4,28,5,3,0.698,22,1,0,2,0,0.291,0.2448,0
13,34,12,3,0.387,3,1,0,0,2,0.224,0.135,1
1,95,0,4,0.885,9,1,1,0,1,0.324,0.1219,0
20,46,4,2,0.716,13,4,1,3,1,0.531,0.0065,0
3,138,24,3,0.427,20,0,0,0,0,0.708,0.1614,0
2,50,2,3,0.738,23,0,0,2,1,0.46,0.1672,0
1,13,13,3,0.667,14,1,0,2,2,0.501,0.1938,1
1,56,23,2,0.729,6,2,0,1,1,0.723,0.0349,0
10,5,7,3,0.755,6,1,1,2,0,0.496,0.0384,0
4,38,15,1,0.583,7,5,0,0,1,0.301,0.1713,0
1,31,2,5,0.802,9,6,1,3,2,0.301,0.2737,1
1,24,8,4,0.766,18,6,1,5,2,0.157,0.0081,1
3,27,30,3,0.597,18,3,1,3,1,0.548,0.0464,0
23,1,15,4,0.928,1,5,0,1,1,0.396,0.0731,1
3,14,5,3,0.662,14,2,0,0,1,0.283,0.2147,0
1,38,17,3,0.515,0,3,0,2,1,0.463,0.1761,0
3,42,35,4,0.915,9,6,0,0,3,0.595,0.1147,1
3,7,0,3,0.671,5,2,1,0,1,0.429,0.2374,1
1,221,69,4,0.837,21,3,0,2,2,0.493,0.1855,1
4,9,7,2,0.839,12,1,1,0,0,0.294,0.055,0
3,141,23,5,0.638,9,1,0,2,2,0.752,0.0964,1
8,62,73,4,0.906,11,2,0,3,0,0.245,0.2448,0
28,12,1,2,0.967,23,3,1,1,1,0.439,0.1,1
13,474,4,3,0.617,5,4,0,1,3,0.45,0.1221,1
3,5,7,4,0.949,5,2,0,3,0,0.691,0.2887,0
1,131,3,4,0.802,0,2,0,1,0,0.264,0.0768,0
58,148,164,4,0.8,11,5,0,4,0,0.558,0.067,0
4,12,3,5,0.495,22,0,1,1,0,0.085,0.0688,0
4,267,5,2,0.361,22,2,0,7,1,0.62,0.0055,1
4,22,16,3,0.877,9,4,0,2,1,0.415,0.171,0
5,51,2,3,0.92,13,1,0,4,2,0.138,0.0466,1
3,48,6,3,0.726,14,3,1,2,0,0.301,0.0218,0
2,27,19,2,0.901,22,0,0,0,0,0.551,0.1254,0
2,111,7,3,0.451,23,3,0,4,2,0.106,0.0755,1
4,108,10,2,0.562,3,1,0,1,1,0.425,0.0896,0
2,2,5,6,0.905,0,2,0,1,1,0.66,0.0168,0
2,234,1,4,0.741,7,5,0,5,3,0.697,0.1682,1
4,2,19,2,0.78,2,4,0,0,0,0.53,0.0133,0
3,155,169,1,0.724,13,0,0,1,1,0.452,0.3477,1
20,179,12,4,0.769,16,4,0,0,0,0.735,0.0524,0
1,6,17,4,0.77,1,6,0,1,1,0.72,0.3145,1
13,17,34,2,0.839,14,4,1,1,0,0.066,0.0654,0
15,6,1,6,0.53,5,4,1,5,1,0.365,0.1492,1
1,23,156,3,0.626,4,4,0,2,0,0.144,0.0088,0
3,20,16,1,0.499,13,1,0,4,2,0.118,0.371,1
3,106,140,3,0.891,18,4,1,1,2,0.483,0.0245,1
1,236,4,1,0.434,8,5,1,3,1,0.595,0.1099,0
2,268,186,2,0.721,7,4,0,0,2,0.462,0.2665,1
1,14,38,3,0.616,2,1,1,0,2,0.242,0.1223,1
25,24,27,2,0.884,17,3,0,3,1,0.547,0.1583,1
11,2,17,3,0.707,7,1,0,2,2,0.255,0.2924,1
15,9,8,3,0.816,15,6,1,0,1,0.319,0.2296,1
9,140,73,2,0.362,14,6,1,3,3,0.213,0.2902,1
1,373,15,5,0.564,20,5,1,2,0,0.76,0.1022,0
2,5,0,1,0.829,14,5,0,2,2,0.48,0.0468,1
7,13,2,3,0.695,15,2,0,2,1,0.322,0.0605,0
1,31,9,3,0.631,0,1,1,3,0,0.04,0.0845,0
9,50,19,3,0.715,9,3,0,1,0,0.122,0.195,0
3,9,11,4,0.771,18,2,0,1,3,0.401,0.0933,1
3,62,75,4,0.727,4,2,0,4,3,0.448,0.1063,1
9,16,0,1,0.486,17,0,0,1,3,0.407,0.0185,1
6,32,15,4,0.8,2,4,0,3,1,0.457,0.0656,0
3,75,0,2,0.867,3,2,1,4,0,0.611,0.1253,0
14,33,38,1,0.559,3,2,1,1,1,0.781,0.0534,0
1,17,10,3,0.616,10,5,0,2,0,0.135,0.0864,0
8,28,22,4,0.764,8,3,1,2,0,0.039,0.0208,0
8,29,3,1,0.918,0,2,0,0,1,0.132,0.1775,1
3,19,83,4,0.673,15,6,1,1,0,0.748,0.0655,0
6,22,58,3,0.724,8,3,0,1,2,0.243,0.0743,1
1,364,29,4,0.726,10,4,1,0,0,0.059,0.0324,0
11,76,10,1,0.712,5,6,1,1,2,0.168,0.0195,1
3,21,29,2,0.767,16,5,0,2,0,0.126,0.1128,0
2,94,4,6,0.739,11,6,0,1,0,0.403,0.3134,0
12,20,43,4,0.682,21,0,1,4,0,0.316,0.0708,0
2,192,144,4,0.982,7,0,0,2,1,0.549,0.1367,0
1,57,60,2,0.862,15,4,1,1,2,0.479,0.1691,1
1,28,4,1,0.945,4,4,1,2,1,0.228,0.2349,0
8,64,20,2,0.619,20,6,0,1,1,0.084,0.1936,1
1,3,1,3,0.809,0,5,1,2,1,0.886,0.2466,1
25,6,28,2,0.744,16,5,1,0,2,0.401,0.083,1
1,5,23,4,0.833,23,1,1,3,3,0.126,0.2214,1
24,41,0,3,0.628,20,2,0,0,0,0.216,0.148,0
5,445,2,3,0.822,7,2,0,0,0,0.443,0.1402,0
4,941,7,1,0.501,9,2,0,1,2,0.605,0.0887,1
2,86,7,3,0.726,17,3,1,2,1,0.302,0.064,0
6,70,1,4,0.664,14,1,1,1,1,0.271,0.2232,1
4,2,21,3,0.601,19,6,1,2,1,0.363,0.0908,0
13,14,17,2,0.591,12,2,0,1,0,0.686,0.1345,0
5,10,9,2,0.771,9,3,0,0,0,0.098,0.1969,0
5,13,3,4,0.734,8,3,1,0,1,0.289,0.0361,0
3,25,58,1,0.863,12,0,1,1,2,0.792,0.1014,1
4,16,145,4,0.864,2,3,1,2,1,0.462,0.0243,0
6,1,5,1,0.481,21,4,1,2,3,0.087,0.2835,1
1,101,4,2,0.9,22,5,1,2,0,0.672,0.0132,0
1,6,25,1,0.925,2,3,1,1,0,0.408,0.0368,0
9,47,7,1,0.89,0,4,1,1,1,0.448,0.1154,0
5,743,9,2,0.492,1,4,0,1,2,0.498,0.2103,1
3,8,36,4,0.56,10,0,1,0,1,0.573,0.0854,0
4,0,0,3,0.886,13,6,1,0,0,0.513,0.0885,0
6,21,88,4,0.591,9,0,0,0,0,0.568,0.0219,0
2,172,13,2,0.5,6,3,0,2,1,0.453,0.0582,0
2,624,6,3,0.894,22,0,0,0,1,0.159,0.0982,1
5,5,10,5,0.672,0,0,0,2,1,0.688,0.19,1
1,69,11,5,0.678,6,6,0,2,1,0.244,0.0298,0
6,16,0,3,0.579,14,5,0,1,0,0.132,0.5317,0
1,28,114,4,0.949,10,2,0,4,1,0.333,0.1525,0
12,1748,12,4,0.586,5,3,0,1,1,0.041,0.0645,1
7,3,23,3,0.64,21,6,1,3,0,0.421,0.1778,0
5,48,50,2,0.738,6,3,0,2,0,0.425,0.1525,0
11,66,2,3,0.722,6,3,0,1,2,0.625,0.1418,1
23,168,24,3,0.813,0,0,0,5,3,0.348,0.1618,1
12,38,8,5,0.647,9,5,0,5,0,0.445,0.3335,0
1,52,43,3,0.315,20,0,0,0,1,0.34,0.1348,0
1,18,0,2,0.793,14,4,1,3,0,0.188,0.1511,0
2,49,10,4,0.915,7,1,1,2,1,0.476,0.0489,0
4,19,4,4,0.967,23,1,0,1,0,0.624,0.1276,0
7,84,23,1,0.729,18,6,1,3,0,0.211,0.1165,0
2,19,24,5,0.942,2,1,0,2,1,0.115,0.2534,1
5,58,4,2,0.683,22,6,1,2,2,0.206,0.054,1
2,31,4,1,0.846,14,2,1,1,0,0.199,0.0923,0
2,179,10,2,0.884,3,0,0,2,0,0.223,0.1418,0
1,30,3,5,0.797,5,4,1,0,1,0.222,0.1737,0
1,2,43,4,0.575,9,4,1,1,1,0.426,0.1321,0
1,219,7,5,0.419,17,1,1,3,1,0.169,0.1815,0
1,8,0,4,0.772,15,5,1,1,1,0.346,0.0599,0
12,12,6,1,0.598,17,2,1,3,0,0.529,0.1849,0
1,13,2,2,0.767,5,6,0,1,2,0.034,0.1757,1
62,260,1,1,0.767,18,2,1,2,1,0.27,0.314,1
7,1,1,4,0.863,16,1,1,0,0,0.714,0.0368,0
5,3665,14,2,0.756,17,6,1,0,0,0.211,0.244,1
1,161,89,2,0.846,12,6,1,0,1,0.445,0.1202,0
9,46,19,3,0.883,6,1,0,2,1,0.034,0.0526,0
2,30,4,4,0.536,19,0,0,1,0,0.917,0.1691,0
5,50,24,2,0.408,11,5,0,4,0,0.308,0.1627,0
57,72,6,3,0.348,1,2,0,1,1,0.431,0.172,1
4,87,4,4,0.652,11,4,0,1,0,0.184,0.3706,0
14,76,2,2,0.481,11,1,1,1,0,0.341,0.1334,0
2,37,0,3,0.709,23,0,1,3,1,0.734,0.0107,0
4,24,6,2,0.942,3,4,1,0,4,0.192,0.041,1
26,26,15,5,0.877,3,2,0,5,3,0.381,0.1322,1
2,24,10,7,0.632,17,1,1,0,3,0.47,0.3126,1
27,181,6,4,0.772,15,6,1,0,0,0.31,0.2363,0
9,80,2,2,0.58,13,5,1,0,2,0.433,0.299,1
2,0,30,1,0.87,16,1,0,1,1,0.521,0.1606,0
8,88,1,3,0.611,16,5,0,3,0,0.153,0.1904,0
11,44,39,3,0.983,2,0,1,0,0,0.303,0.0802,0
8,32,2,2,0.57,5,0,0,0,0,0.461,0.2345,0
1,18,3,1,0.755,22,2,1,3,0,0.629,0.2258,0
2,178,1,7,0.485,12,5,1,3,0,0.615,0.3913,0
3,137,5,4,0.745,8,1,1,0,0,0.064,0.226,0
4,10,52,7,0.778,20,0,1,0,2,0.51,0.1993,1
8,60,26,4,0.933,8,1,1,0,0,0.65,0.1056,0
5,7,52,2,0.776,7,2,1,2,0,0.325,0.049,0
1,4,26,2,0.762,16,5,0,1,2,0.489,0.1314,1
6,12,2,4,0.658,15,1,0,4,0,0.417,0.3405,0
8,120,7,2,0.849,15,4,0,1,2,0.393,0.3307,1
7,138,3,5,0.846,18,1,0,1,2,0.449,0.1216,1
13,71,89,4,0.556,23,3,0,3,0,0.534,0.2045,0
10,98,2,1,0.606,15,3,0,0,1,0.49,0.3768,1
7,71,46,1,0.858,13,6,1,2,1,0.363,0.249,1
4,12,46,4,0.813,19,2,0,1,1,0.469,0.0415,0
1,63,189,2,0.788,13,2,0,0,0,0.201,0.0589,0
6,110,6,2,0.837,13,2,1,1,0,0.421,0.1878,0
5,102,35,5,0.716,13,4,1,1,1,0.32,0.0088,0
5,197,373,3,0.73,11,5,1,2,0,0.597,0.1282,0
1,95,4,4,0.42,5,4,1,1,1,0.156,0.2642,1
1,56,1,1,0.762,19,6,0,2,0,0.239,0.0314,0
12,164,0,2,0.689,12,1,0,1,0,0.87,0.3756,0
4,31,35,3,0.906,15,0,0,1,1,0.378,0.1194,0
8,8,0,3,0.849,8,5,0,2,1,0.689,0.1344,0
4,25,6,2,0.427,1,3,0,4,0,0.403,0.0947,0
4,10,23,3,0.886,21,3,1,0,2,0.732,0.0013,1
11,12,16,2,0.853,2,6,0,2,0,0.628,0.0754,0
2,26,23,2,0.782,9,3,0,1,1,0.649,0.0742,0
4,10,17,4,0.817,19,6,0,0,1,0.511,0.031,0
2,20,82,4,0.614,1,1,1,4,0,0.437,0.0294,0
2,1,2,1,0.681,23,1,0,0,2,0.422,0.1887,1
3,45,4,4,0.633,9,2,0,2,0,0.481,0.167,0
5,33,3,1,0.783,7,0,0,0,0,0.667,0.1616,0
2,9,42,5,0.593,16,2,0,2,2,0.544,0.0356,1
15,89,47,1,0.78,21,1,0,2,0,0.483,0.4147,0
1,135,23,4,0.877,0,4,0,2,0,0.615,0.1309,0
3,2,71,3,0.926,5,2,0,2,0,0.355,0.0645,0
2,10,2,2,0.723,6,5,1,0,0,0.253,0.0659,0
19,10,148,2,0.844,14,1,0,0,1,0.197,0.2375,1
5,8,119,1,0.876,17,1,1,2,0,0.535,0.0432,0
12,114,36,2,0.891,8,4,0,2,1,0.436,0.1779,0
1,24,176,1,0.377,7,4,0,2,0,0.397,0.0309,0
5,22,1,3,0.451,9,4,0,1,0,0.117,0.0574,0
10,1,5,1,0.869,3,0,0,2,0,0.367,0.0963,0
4,85,4,1,0.491,19,5,0,1,2,0.492,0.0405,1
13,5,35,2,0.725,7,1,0,1,0,0.207,0.0253,0
2,36,2,5,0.753,0,4,1,0,0,0.695,0.1094,0
18,50,37,6,0.547,7,0,1,1,1,0.137,0.0179,0
44,254,95,2,0.85,22,3,1,1,1,0.148,0.0215,1
3,4,34,3,0.929,11,5,0,0,0,0.363,0.0352,0
2,0,18,5,0.643,22,6,1,2,3,0.139,0.0748,1
19,43,2,5,0.666,14,6,0,1,3,0.239,0.2085,1
21,493,3,1,0.626,12,3,1,1,1,0.197,0.0881,1
2,212,79,3,0.926,15,3,0,1,1,0.351,0.2411,1
2,45,39,3,0.453,22,1,0,0,2,0.073,0.1891,1
3,15,11,1,0.898,17,0,1,0,1,0.267,0.4137,1
1,111,6,1,0.728,0,0,1,3,0,0.597,0.1016,0
1,7,0,1,0.7,16,3,0,1,0,0.671,0.26,0
1,67,2,3,0.967,15,5,0,1,0,0.16,0.1104,0
2,70,214,2,0.675,22,2,0,3,1,0.126,0.0995,0
4,162,1,1,0.651,4,3,1,1,3,0.372,0.0761,1
5,2078,16,6,0.649,19,1,0,2,0,0.246,0.2307,1
21,59,55,1,0.571,20,3,1,6,1,0.052,0.0596,1
1,15,1,1,0.928,9,5,0,0,3,0.269,0.307,1
11,31,16,3,0.58,5,5,0,3,2,0.493,0.0302,1
3,2,49,2,0.623,11,3,1,2,0,0.128,0.2291,0
4,11,12,2,0.853,9,0,0,3,1,0.432,0.1549,0
8,17,900,6,0.696,21,3,0,1,1,0.579,0.0581,0
1,15,0,3,0.907,16,4,0,1,0,0.473,0.0474,0
6,41,59,1,0.637,1,4,1,4,0,0.56,0.0246,0
5,9,9,3,0.735,18,2,1,3,1,0.588,0.1373,0
7,177,38,4,0.873,19,1,1,1,0,0.258,0.3177,0
5,33,23,1,0.56,5,1,1,1,2,0.585,0.2616,1
52,32,4,2,0.69,12,6,1,1,0,0.405,0.1011,0
2,20,17,1,0.759,8,0,0,0,0,0.133,0.2425,0
2,41,0,3,0.393,11,1,0,2,1,0.508,0.0496,0
2,114,30,5,0.835,17,2,1,0,2,0.675,0.1707,1
2,9,19,4,0.692,7,4,1,2,0,0.265,0.1049,0
2,12,31,2,0.878,17,0,0,2,2,0.551,0.1629,1
14,20,59,3,0.434,22,5,0,3,3,0.678,0.1477,1
18,4,21,3,0.927,21,4,0,3,2,0.477,0.3568,1
2,9,15,5,0.968,1,2,0,2,1,0.36,0.1416,0
1,16,3,1,0.748,7,0,0,2,1,0.19,0.1444,0
7,122,4,4,0.776,9,3,1,2,3,0.497,0.1557,1
2,49,72,1,0.604,8,1,0,3,1,0.184,0.1725,0
8,44,105,2,0.504,23,2,1,3,0,0.122,0.104,0
5,118,8,2,0.653,17,0,1,2,1,0.642,0.226,0
1,26,13,1,0.375,7,4,1,3,0,0.304,0.0224,0
21,59,3,4,0.625,18,0,0,1,0,0.159,0.0348,0
27,28,70,5,0.583,2,3,0,3,0,0.388,0.1054,0
2,49,33,2,0.884,8,2,0,2,2,0.056,0.0262,1
3,13,224,4,0.474,12,0,0,0,1,0.287,0.0628,0
5,0,3,4,0.856,8,5,0,1,1,0.258,0.0476,0
6,27,6,2,0.884,19,2,1,0,1,0.424,0.0377,0
8,279,17,2,0.561,11,2,0,6,0,0.741,0.2816,0
33,132,32,3,0.868,22,4,1,0,1,0.393,0.0456,1
3,140,8,3,0.864,12,6,1,0,2,0.454,0.2205,1
2,211,3,3,0.689,7,1,1,0,1,0.434,0.0859,0
1,37,45,4,0.513,14,6,1,1,2,0.322,0.2716,1
2,44,35,5,0.774,12,5,0,1,1,0.199,0.0076,0
4,13,3,4,0.63,20,3,1,1,1,0.27,0.0874,0
26,20,93,4,0.816,12,0,0,1,2,0.23,0.0835,1
2,83,70,2,0.685,16,6,1,5,1,0.177,0.2237,1
5,201,14,2,0.74,14,1,0,3,1,0.31,0.0703,0
4,26,13,5,0.643,21,4,0,2,1,0.689,0.1381,0
14,16,27,2,0.785,18,1,0,1,2,0.417,0.1676,1
56,33,3,1,0.894,2,2,0,1,0,0.373,0.0683,0
2,81,12,2,0.633,13,2,0,1,4,0.329,0.0845,1
2,3,0,4,0.724,9,3,0,0,2,0.337,0.3228,1
12,1,45,2,0.737,16,5,1,1,0,0.133,0.1175,0
8,14,1,4,0.572,7,0,0,0,1,0.246,0.1499,0
28,5,116,1,0.857,17,0,0,3,0,0.752,0.0993,0
8,15,7,3,0.883,11,4,0,4,0,0.405,0.3766,0
3,26,8,5,0.859,16,3,0,1,0,0.721,0.1765,0
8,16,4,4,0.485,22,0,0,0,0,0.751,0.111,0
13,292,7,1,0.642,10,5,1,1,0,0.223,0.1723,0
10,54,102,2,0.958,8,2,0,0,1,0.517,0.0778,0
7,51,0,2,0.39,21,3,0,1,4,0.219,0.0514,1
13,84,82,7,0.774,23,1,0,2,0,0.404,0.0474,0
14,5,20,2,0.483,23,6,0,0,0,0.677,0.0969,0
17,157,1,3,0.805,22,6,0,0,1,0.684,0.1268,1
8,29,2,3,0.813,14,3,1,0,2,0.449,0.0999,1
3,90,150,6,0.505,8,3,0,0,2,0.635,0.0577,1
5,6,2,2,0.631,11,5,0,0,1,0.12,0.05,0
14,3,2,2,0.36,10,5,1,1,2,0.82,0.0393,1
1,112,67,2,0.216,16,0,0,4,2,0.567,0.0771,1
6,58,20,1,0.908,5,6,1,2,2,0.133,0.1926,1
3,8,2,3,0.587,7,4,0,2,0,0.443,0.0778,0
4,8,16,5,0.953,9,4,0,3,2,0.242,0.1723,1
16,179,2,4,0.833,14,5,1,2,0,0.635,0.14,0
5,5,63,4,0.881,3,0,0,2,0,0.414,0.2182,0
4,389,59,3,0.948,17,0,1,3,1,0.008,0.1785,0
1,8,27,2,0.662,10,0,0,1,0,0.262,0.0509,0
9,86,20,4,0.799,8,5,1,1,1,0.332,0.0085,0
8,20,171,3,0.814,8,4,1,2,1,0.487,0.4331,1
38,81,12,3,0.672,7,0,1,0,0,0.445,0.1935,0
3,14,2,1,0.657,2,5,1,0,1,0.2,0.3117,1
5,25,23,4,0.27,20,1,1,3,0,0.176,0.1401,0
5,35,278,3,0.793,17,1,0,1,1,0.475,0.0453,0
21,7,2,1,0.707,13,2,0,0,1,0.54,0.1137,1
4,100,7,1,0.781,2,1,0,2,2,0.358,0.038,1
5,15,22,1,0.767,16,3,0,3,0,0.864,0.3106,0
8,23,11,2,0.787,3,2,1,4,1,0.567,0.1532,1
5,7,2,3,0.566,20,1,0,1,0,0.765,0.0197,0
2,0,65,3,0.911,17,3,0,2,0,0.659,0.113,0
5,24,395,3,0.856,14,1,1,0,1,0.132,0.2065,0
13,1235,16,1,0.981,18,5,0,1,0,0.801,0.0116,0
1,107,3,3,0.884,21,6,0,2,1,0.791,0.3692,1
5,32,1,2,0.715,5,3,0,5,0,0.343,0.1438,0
2,22,17,1,0.856,14,0,0,1,3,0.514,0.0734,1
14,34,63,1,0.538,6,5,1,2,2,0.721,0.0849,1
1,75,24,1,0.557,11,6,0,2,1,0.489,0.0809,0
2,5,12,4,0.311,15,3,0,3,2,0.439,0.0198,1
6,176,5,3,0.469,8,5,1,3,0,0.163,0.1635,0
21,96,2,2,0.859,19,0,0,3,0,0.182,0.0674,0
4,97,42,2,0.71,4,3,1,1,1,0.246,0.0182,0
2,63,47,3,0.678,10,3,1,0,1,0.466,0.0547,0
29,34,1,2,0.936,1,6,0,1,1,0.494,0.1525,1
1,90,132,4,0.562,21,5,0,2,0,0.433,0.1072,0
1,80,28,2,0.696,15,1,0,2,0,0.019,0.0763,0
6,19,99,3,0.317,3,3,1,1,0,0.447,0.1405,0
2,14,1,5,0.791,4,1,0,1,3,0.295,0.1139,1
1,38,1,5,0.832,6,3,0,0,2,0.39,0.1724,1
9,338,9,2,0.513,5,4,1,1,0,0.248,0.1059,0
5,5,25,1,0.901,23,2,0,4,2,0.413,0.2038,1
2,3,180,1,0.765,21,1,0,1,0,0.252,0.119,0
1,42,35,4,0.7,9,1,1,1,3,0.25,0.1095,1
10,35,8,1,0.876,13,6,0,1,0,0.189,0.1528,0
8,42,2,4,0.489,7,0,1,0,0,0.185,0.0213,0
4,47,77,1,0.755,13,4,1,0,2,0.206,0.1142,1
28,23,2,5,0.498,13,0,0,0,0,0.591,0.1645,0
1,309,140,1,0.529,19,4,1,0,3,0.438,0.0976,1
1,3,7,1,0.601,22,4,0,1,2,0.402,0.0413,1
2,9,132,2,0.772,2,5,1,2,1,0.333,0.0857,0
4,28,33,4,0.646,0,5,0,2,2,0.742,0.1429,1
5,2,9,1,0.841,8,5,0,1,1,0.398,0.0993,0
3,25,5,4,0.71,8,3,0,0,2,0.24,0.1081,1
6,400,7,1,0.784,21,6,0,2,1,0.335,0.0842,1
1,34,23,1,0.374,1,0,1,0,0,0.337,0.0057,0
18,46,13,3,0.71,15,2,1,2,0,0.225,0.2043,0
4,5,4,1,0.649,7,4,1,2,1,0.582,0.1099,0
13,13,9,4,0.918,5,4,0,2,1,0.604,0.1794,1
6,18,13,3,0.729,22,6,0,2,1,0.112,0.2826,1
7,20,0,2,0.797,12,1,1,0,1,0.342,0.0498,0
7,226,24,4,0.791,0,3,0,3,4,0.766,0.0675,1
7,76,2,7,0.802,18,2,1,4,0,0.602,0.024,0
8,6,2,4,0.933,14,5,1,2,2,0.785,0.095,1
16,47,0,4,0.78,0,4,0,1,4,0.619,0.1759,1
5,69,0,3,0.849,9,1,1,3,0,0.242,0.0535,0
9,183,1,3,0.815,0,0,1,0,0,0.302,0.2334,0
4,354,4,2,0.909,11,4,1,2,0,0.462,0.1672,0
18,7,228,2,0.884,10,1,0,2,1,0.578,0.1642,1
2,9,5,3,0.964,16,0,0,1,1,0.309,0.1204,0
27,5,15,3,0.571,3,3,0,1,1,0.3,0.0193,1
4,23,22,2,0.755,22,5,0,0,0,0.62,0.0208,0
1,66,14,3,0.613,6,6,0,2,0,0.301,0.0496,0
5,145,10,3,0.881,11,0,1,2,0,0.822,0.3852,0
2,29,2,3,0.991,12,4,1,2,2,0.607,0.2962,1
10,20,107,4,0.752,4,2,0,2,1,0.79,0.2623,1
2,41,183,3,0.583,5,0,0,1,1,0.427,0.0952,0
2,9,0,8,0.817,1,2,1,1,1,0.297,0.1306,0
1,760,2,3,0.741,20,2,0,1,0,0.342,0.133,0
2,2,8,2,0.86,6,0,1,3,0,0.329,0.087,0
1,43,2,4,0.565,13,6,1,4,0,0.529,0.1822,0
1,689,26,1,0.935,21,6,1,1,1,0.281,0.0566,0
9,33,4,4,0.904,13,3,1,1,2,0.373,0.021,1
9,24,313,2,0.671,9,6,1,4,1,0.533,0.0864,0
6,19,72,1,0.724,3,0,0,1,2,0.849,0.1676,1
1,25,16,2,0.633,2,6,0,1,2,0.466,0.2523,1
4,259,56,1,0.789,22,1,0,1,2,0.291,0.245,1
4,1,63,1,0.554,13,5,0,1,1,0.249,0.0132,0
1,330,5,4,0.837,5,2,1,2,1,0.409,0.1434,0
20,3,3,3,0.577,22,5,0,0,3,0.658,0.0348,1
10,22,13,2,0.739,14,4,1,1,1,0.254,0.1292,0
3,17,44,3,0.895,7,2,0,2,0,0.458,0.322,0
4,80,15,3,0.336,4,4,0,0,0,0.66,0.3129,0
5,3,1,3,0.71,2,1,1,2,1,0.52,0.0224,0
1,66,3,5,0.463,2,1,0,2,2,0.559,0.0319,1
3,689,10,4,0.733,12,5,1,2,1,0.039,0.2279,1
2,4,10,1,0.867,1,1,1,0,1,0.825,0.124,0
1,44,234,2,0.914,23,0,0,1,2,0.618,0.0174,1
3,12,1,3,0.881,0,2,0,1,1,0.189,0.1142,0
27,62,26,3,0.721,11,4,0,2,0,0.626,0.0973,0
8,34,113,5,0.789,7,6,1,1,0,0.616,0.0534,0
2,12,367,2,0.815,18,5,1,3,0,0.619,0.2864,0
7,68,6,3,0.885,8,5,0,1,0,0.134,0.2101,0
18,495,25,4,0.653,13,1,1,4,0,0.8,0.0448,0
11,24,28,2,0.75,17,1,0,0,2,0.093,0.1211,1
4,97,16,2,0.528,9,4,1,0,0,0.51,0.0551,0
2,4,10,1,0.728,8,2,1,1,0,0.23,0.1218,0
9,7,23,3,0.9,5,2,1,1,0,0.142,0.029,0
6,67,0,4,0.723,0,5,1,1,1,0.096,0.0389,0
10,306,33,6,0.637,4,4,0,5,1,0.332,0.0412,1
8,56,14,2,0.61,9,5,1,0,1,0.258,0.045,0
12,20,8,5,0.566,12,6,0,0,1,0.212,0.051,0
2,33,262,4,0.439,21,3,1,1,1,0.463,0.1202,0
16,5,4,7,0.329,22,2,0,0,0,0.421,0.1753,0
5,82,6,4,0.732,3,4,1,3,0,0.233,0.1755,0
35,124,241,3,0.477,0,6,1,2,3,0.183,0.07,1
2,16,3,2,0.628,20,4,1,2,0,0.441,0.1476,0
25,16,5,5,0.822,1,5,0,1,1,0.12,0.2334,1
5,49,9,6,0.634,23,1,1,0,3,0.218,0.0758,1
2,17,42,2,0.759,3,4,1,2,2,0.351,0.1507,1
2,29,16,2,0.419,16,5,1,2,2,0.749,0.0892,1
3,772,1,2,0.952,9,0,0,0,3,0.771,0.1788,1
6,22,5,1,0.84,22,1,0,0,1,0.313,0.0445,0
7,19,4,4,0.584,11,1,0,1,1,0.857,0.1512,0
2,12,10,5,0.668,1,2,0,3,1,0.581,0.0338,0
4,101,23,5,0.817,2,3,0,2,1,0.702,0.1575,0
38,25,22,5,0.649,13,2,0,4,1,0.501,0.1067,1
25,12,0,3,0.544,14,0,0,1,0,0.215,0.0325,0
6,240,60,5,0.869,12,5,0,3,1,0.317,0.1694,1
4,278,17,3,0.904,8,1,0,2,0,0.075,0.2359,0
5,13,97,1,0.571,1,1,1,0,0,0.393,0.3602,0
8,2,23,2,0.509,18,6,0,0,1,0.313,0.0586,0
1,150,63,2,0.553,15,4,0,2,0,0.368,0.0687,0
3,11,24,3,0.895,10,3,0,2,1,0.182,0.1496,0
1,108,91,3,0.724,11,3,1,2,4,0.596,0.1076,1
6,1,26,4,0.924,0,4,1,1,0,0.307,0.2467,0
8,126,10,4,0.653,1,0,0,3,1,0.291,0.1328,0
2,5,368,3,0.428,15,3,0,2,0,0.333,0.0431,0
21,99,46,2,0.734,1,1,1,1,0,0.613,0.1633,0
1,33,28,2,0.681,18,0,0,4,1,0.249,0.2367,0
1,7,1,4,0.724,9,2,0,2,0,0.174,0.1729,0
5,17,1,3,0.946,18,2,0,0,0,0.571,0.0944,0
12,92,18,1,0.52,9,0,0,1,1,0.633,0.3445,1
24,38,15,4,0.733,15,1,1,1,1,0.241,0.3733,1
2,79,4,3,0.845,12,6,0,2,1,0.558,0.0169,0
13,642,15,2,0.588,15,2,1,2,0,0.022,0.1544,0
4,3,132,1,0.737,17,5,1,1,1,0.527,0.0454,0
3,374,34,3,0.774,23,1,0,1,2,0.354,0.2162,1
10,38,2,3,0.773,7,4,0,1,0,0.203,0.0313,0
8,8,10,2,0.85,23,3,0,1,0,0.727,0.0507,0
1,4,3,1,0.891,17,6,0,0,0,0.625,0.254,0
19,24,6,3,0.862,12,6,0,2,2,0.513,0.0522,1
17,131,6,5,0.677,6,0,1,3,2,0.238,0.1485,1
2,27,5,4,0.574,20,3,0,2,0,0.283,0.0193,0
6,319,1,3,0.951,22,4,1,0,2,0.644,0.1661,1
7,3,10,4,0.779,23,2,0,3,0,0.582,0.074,0
5,32,5,6,0.283,17,6,1,2,2,0.538,0.133,1
2,5,0,4,0.771,5,5,1,0,1,0.497,0.0688,0
2,57,264,2,0.848,8,1,0,2,1,0.204,0.1556,0
4,125,62,2,0.848,5,6,0,0,0,0.336,0.1057,0
14,17,6,2,0.795,17,6,0,2,3,0.441,0.1261,1
7,0,12,2,0.561,16,1,0,1,1,0.196,0.0416,0
3,44,2,2,0.797,11,4,0,2,0,0.475,0.1198,0
9,63,155,2,0.732,2,0,0,2,1,0.16,0.0269,0
1,60,209,2,0.458,4,6,0,3,0,0.395,0.0046,0
14,211,15,1,0.518,6,6,1,1,0,0.626,0.1761,0
1,6,56,2,0.863,9,3,0,1,1,0.763,0.0658,0
3,91,15,1,0.636,9,5,0,3,5,0.259,0.1567,1
1,198,1,4,0.538,18,2,0,2,1,0.596,0.2084,0
1,2,6,1,0.88,3,0,0,2,1,0.722,0.1472,0
14,53,14,4,0.79,9,5,0,0,3,0.383,0.292,1
2,15,6,2,0.684,17,5,1,3,0,0.398,0.1374,0
6,29,8,1,0.425,2,4,0,1,1,0.815,0.2642,1
4,55,10,4,0.734,20,4,0,2,0,0.663,0.1424,0
7,15,10,4,0.762,2,1,0,0,0,0.32,0.0611,0
4,12,13,4,0.752,4,2,0,2,0,0.48,0.1628,0
1,34,2,2,0.893,15,0,0,1,3,0.169,0.226,1
12,6,4,2,0.932,19,1,1,3,0,0.605,0.0472,0
2,6,1,2,0.882,12,6,0,2,0,0.135,0.3395,0
1,91,52,2,0.934,10,2,0,2,0,0.194,0.0395,0
2,5,0,2,0.657,12,3,1,1,0,0.469,0.172,0
20,89,68,5,0.637,18,3,0,3,0,0.24,0.0035,0
10,66,97,1,0.787,5,1,0,1,1,0.059,0.2197,1
3,2,7,1,0.672,23,0,1,2,1,0.682,0.0656,0
3,11,0,5,0.646,12,2,0,2,2,0.28,0.0394,1
3,198,7,3,0.898,3,3,1,2,0,0.292,0.1113,0
35,7,11,2,0.96,21,3,0,1,0,0.338,0.0464,0
6,16,2,4,0.741,4,0,0,1,0,0.141,0.1808,0
6,66,5,2,0.762,18,1,0,1,1,0.199,0.1438,0
12,107,120,3,0.927,4,4,0,3,1,0.483,0.1725,1
5,22,33,3,0.538,20,6,0,1,1,0.468,0.1073,0
3,13,3,4,0.71,13,5,0,2,1,0.287,0.0438,0
3,279,1,4,0.655,3,6,1,1,0,0.332,0.0037,0
4,449,7,2,0.529,11,2,1,2,2,0.128,0.0445,1
4,143,8,2,0.667,5,3,0,3,1,0.331,0.1523,0
9,37,25,1,0.639,18,5,0,1,1,0.159,0.2019,1
4,9,5,6,0.857,9,5,1,3,1,0.761,0.0519,0
9,9,26,4,0.696,0,4,1,1,0,0.123,0.0231,0
4,72,222,3,0.84,22,5,0,2,0,0.116,0.0787,0
4,62,41,2,0.899,22,0,1,0,5,0.708,0.0286,1
1,271,11,2,0.698,15,1,0,3,2,0.407,0.1899,1
11,87,9,2,0.529,3,2,0,2,2,0.286,0.0854,1
6,3,7,5,0.795,8,0,0,3,3,0.457,0.0389,1
12,160,71,1,0.794,17,1,1,0,0,0.62,0.0391,0
1,7,4,3,0.547,16,0,1,0,0,0.293,0.118,0
36,18,13,1,0.705,14,3,1,0,1,0.621,0.1419,1
3,48,13,1,0.705,18,3,0,2,1,0.62,0.279,1
13,660,5,7,0.845,6,4,1,3,1,0.549,0.1582,1
1,3515,1,6,0.804,17,0,0,1,2,0.189,0.2862,1
8,82,19,1,0.63,5,6,0,0,0,0.425,0.0142,0
1,25,11,5,0.681,18,5,0,0,2,0.22,0.2128,1
2,73,25,3,0.809,20,3,0,1,0,0.704,0.0808,0
30,125,5,2,0.656,11,1,1,1,0,0.601,0.0114,0
3,20,76,3,0.903,2,4,0,1,0,0.239,0.2416,0
5,489,3,3,0.869,0,5,1,0,0,0.19,0.121,0
10,46,158,4,0.921,4,2,0,5,0,0.492,0.0842,0
7,69,0,6,0.866,0,0,0,2,2,0.103,0.0959,1
5,89,23,3,0.849,7,6,1,1,3,0.29,0.2269,1
6,62,24,3,0.828,6,3,0,2,0,0.482,0.3539,0
49,116,3,5,0.53,14,6,1,1,2,0.58,0.1108,1
4,13,23,1,0.975,10,5,1,1,0,0.583,0.2471,0
5,14,83,5,0.408,17,1,0,2,1,0.501,0.0702,0
12,6,0,2,0.585,13,0,1,0,0,0.728,0.0217,0
13,64,25,1,0.824,8,6,0,1,1,0.611,0.0421,0
14,106,0,4,0.835,4,1,1,0,2,0.392,0.0108,1
8,65,2,4,0.705,22,4,0,0,1,0.684,0.1112,0
1,408,140,5,0.636,3,3,0,2,0,0.177,0.2155,0
22,32,5,2,0.597,11,3,0,1,1,0.396,0.0713,1
1,90,2,2,0.817,0,4,0,2,0,0.381,0.3831,0
6,6,9,4,0.912,23,1,1,3,0,0.571,0.113,0
2,18,270,4,0.718,12,6,1,2,1,0.135,0.1741,0
4,94,0,3,0.653,0,0,1,2,1,0.47,0.1808,0
6,118,2,1,0.876,2,1,0,0,0,0.044,0.0441,0
6,21,115,1,0.805,21,0,1,3,2,0.464,0.2356,1
6,29,197,1,0.715,7,5,0,0,1,0.119,0.1579,1
22,3,10,1,0.871,23,4,0,1,1,0.715,0.1486,1
7,19,1,4,0.929,17,2,0,1,3,0.455,0.0188,1
3,125,282,3,0.84,15,0,0,0,2,0.623,0.1373,1
11,78,133,4,0.855,19,3,1,1,0,0.483,0.0885,0
14,70,33,3,0.564,19,5,0,2,1,0.215,0.1681,1
1,35,3,3,0.74,15,3,0,0,1,0.207,0.1364,0
8,33,11,3,0.617,1,5,1,1,0,0.472,0.0932,0
9,12,9,1,0.975,16,3,1,4,1,0.396,0.0549,0
3,94,20,6,0.728,9,1,1,3,3,0.282,0.0991,1
17,62,107,4,0.878,6,6,0,2,1,0.699,0.1427,1
3,69,45,1,0.928,9,1,1,2,1,0.334,0.1161,0
5,15,2,6,0.753,18,1,0,4,0,0.101,0.212,0
3,1,96,1,0.511,19,6,0,2,1,0.668,0.1049,0
4,171,19,3,0.841,8,5,1,2,0,0.533,0.0809,0
1,16,34,6,0.813,21,5,1,1,0,0.578,0.0296,0
1,9,109,3,0.538,16,6,1,2,1,0.418,0.0889,0
22,93,2,1,0.859,8,3,0,1,2,0.142,0.2069,1
1,18,11,4,0.92,8,0,1,3,0,0.78,0.1791,0
1,162,5,1,0.684,4,5,1,4,1,0.161,0.0493,0
1,83,1,4,0.296,23,3,0,2,0,0.233,0.0374,0
2,92,20,5,0.789,6,0,0,2,0,0.337,0.1229,0
1,4,527,1,0.619,10,6,1,0,0,0.201,0.2078,0
23,203,0,2,0.311,7,1,0,0,0,0.711,0.0903,1
12,49,11,5,0.491,13,5,1,0,1,0.419,0.0466,0
2,19,31,9,0.599,1,2,0,3,2,0.124,0.1051,1
42,41,14,5,0.67,9,1,1,2,0,0.158,0.0603,0
11,2,10,4,0.778,20,4,1,2,1,0.158,0.1505,0
3,61,1,4,0.852,23,0,0,0,2,0.13,0.0892,1
1,7,17,4,0.857,15,2,1,4,0,0.165,0.1659,0
44,4,3,3,0.729,15,1,0,3,3,0.339,0.1173,1
1,3,0,2,0.555,18,5,0,1,1,0.802,0.1493,0
1,175,73,2,0.836,10,2,0,2,3,0.27,0.2661,1
12,12,51,7,0.582,5,3,0,2,0,0.083,0.1019,0
51,330,13,4,0.735,5,0,1,3,2,0.792,0.0646,1
17,14,17,3,0.907,6,4,1,0,0,0.395,0.1995,0
7,2,61,1,0.945,15,3,0,0,1,0.583,0.0945,0
8,6,17,1,0.933,12,2,0,1,1,0.338,0.067,0
10,211,47,2,0.541,2,1,0,5,1,0.419,0.4416,1
9,26,7,2,0.668,23,0,1,2,0,0.131,0.0647,0
5,14,87,4,0.961,23,5,1,0,1,0.424,0.0788,0
4,42,19,3,0.731,8,4,1,2,3,0.395,0.1226,1
4,70,16,4,0.898,23,1,1,3,1,0.399,0.0831,0
2,176,1,6,0.416,2,4,0,0,2,0.53,0.2852,1
3,290,18,2,0.897,5,5,0,2,0,0.77,0.1908,0
1,19,3,5,0.622,16,6,1,2,0,0.86,0.2153,0
4,4,4,1,0.824,2,0,1,2,1,0.222,0.0129,0
1,17,3,4,0.816,1,2,1,0,1,0.291,0.0918,0
1,48,2,2,0.734,11,4,1,8,2,0.362,0.2946,1
5,7,295,5,0.791,23,0,1,2,3,0.261,0.083,1
18,7,89,2,0.719,5,4,1,1,0,0.38,0.0189,0
11,55,217,4,0.697,9,1,1,1,0,0.917,0.103,0
1,30,1,2,0.565,10,4,1,0,0,0.512,0.0588,0
1,34,13,6,0.561,15,6,0,0,0,0.314,0.2104,0
11,10,1,2,0.705,15,1,0,0,1,0.615,0.1346,0
1,23,4,1,0.67,23,1,0,1,1,0.671,0.0992,0
3,8,3,2,0.786,17,0,1,1,0,0.359,0.1083,0
7,125,78,3,0.699,21,3,0,3,3,0.324,0.0619,1
1,156,6,2,0.921,22,5,0,0,0,0.508,0.2733,0
4,2,60,4,0.573,23,4,0,2,1,0.569,0.0727,0
1,8,30,2,0.679,8,2,1,1,0,0.405,0.1743,0
2,3,385,2,0.847,20,1,0,0,0,0.12,0.3463,0
6,12,1,4,0.661,18,3,0,2,1,0.417,0.0492,0
1,29,80,1,0.893,1,1,0,4,1,0.283,0.0279,0
6,3,68,1,0.684,23,3,1,2,2,0.142,0.1145,1
4,8,2,4,0.816,0,3,0,2,0,0.188,0.0576,0
7,7,55,3,0.811,15,2,0,1,1,0.296,0.1225,0
5,45,20,8,0.841,21,3,1,1,1,0.079,0.0897,0
17,36,8,1,0.919,17,2,0,1,0,0.342,0.0344,0
